[{"model": "auth.permission", "pk": 1, "fields": {"name": "Can add log entry", "content_type": 1, "codename": "add_logentry"}}, {"model": "auth.permission", "pk": 2, "fields": {"name": "Can change log entry", "content_type": 1, "codename": "change_logentry"}}, {"model": "auth.permission", "pk": 3, "fields": {"name": "Can delete log entry", "content_type": 1, "codename": "delete_logentry"}}, {"model": "auth.permission", "pk": 4, "fields": {"name": "Can view log entry", "content_type": 1, "codename": "view_logentry"}}, {"model": "auth.permission", "pk": 5, "fields": {"name": "Can add permission", "content_type": 2, "codename": "add_permission"}}, {"model": "auth.permission", "pk": 6, "fields": {"name": "Can change permission", "content_type": 2, "codename": "change_permission"}}, {"model": "auth.permission", "pk": 7, "fields": {"name": "Can delete permission", "content_type": 2, "codename": "delete_permission"}}, {"model": "auth.permission", "pk": 8, "fields": {"name": "Can view permission", "content_type": 2, "codename": "view_permission"}}, {"model": "auth.permission", "pk": 9, "fields": {"name": "Can add group", "content_type": 3, "codename": "add_group"}}, {"model": "auth.permission", "pk": 10, "fields": {"name": "Can change group", "content_type": 3, "codename": "change_group"}}, {"model": "auth.permission", "pk": 11, "fields": {"name": "Can delete group", "content_type": 3, "codename": "delete_group"}}, {"model": "auth.permission", "pk": 12, "fields": {"name": "Can view group", "content_type": 3, "codename": "view_group"}}, {"model": "auth.permission", "pk": 13, "fields": {"name": "Can add content type", "content_type": 4, "codename": "add_contenttype"}}, {"model": "auth.permission", "pk": 14, "fields": {"name": "Can change content type", "content_type": 4, "codename": "change_contenttype"}}, {"model": "auth.permission", "pk": 15, "fields": {"name": "Can delete content type", "content_type": 4, "codename": "delete_contenttype"}}, {"model": "auth.permission", "pk": 16, "fields": {"name": "Can view content type", "content_type": 4, "codename": "view_contenttype"}}, {"model": "auth.permission", "pk": 17, "fields": {"name": "Can add session", "content_type": 5, "codename": "add_session"}}, {"model": "auth.permission", "pk": 18, "fields": {"name": "Can change session", "content_type": 5, "codename": "change_session"}}, {"model": "auth.permission", "pk": 19, "fields": {"name": "Can delete session", "content_type": 5, "codename": "delete_session"}}, {"model": "auth.permission", "pk": 20, "fields": {"name": "Can view session", "content_type": 5, "codename": "view_session"}}, {"model": "auth.permission", "pk": 21, "fields": {"name": "Can add Blacklisted Token", "content_type": 6, "codename": "add_blacklistedtoken"}}, {"model": "auth.permission", "pk": 22, "fields": {"name": "Can change Blacklisted Token", "content_type": 6, "codename": "change_blacklistedtoken"}}, {"model": "auth.permission", "pk": 23, "fields": {"name": "Can delete Blacklisted Token", "content_type": 6, "codename": "delete_blacklistedtoken"}}, {"model": "auth.permission", "pk": 24, "fields": {"name": "Can view Blacklisted Token", "content_type": 6, "codename": "view_blacklistedtoken"}}, {"model": "auth.permission", "pk": 25, "fields": {"name": "Can add Outstanding Token", "content_type": 7, "codename": "add_outstandingtoken"}}, {"model": "auth.permission", "pk": 26, "fields": {"name": "Can change Outstanding Token", "content_type": 7, "codename": "change_outstandingtoken"}}, {"model": "auth.permission", "pk": 27, "fields": {"name": "Can delete Outstanding Token", "content_type": 7, "codename": "delete_outstandingtoken"}}, {"model": "auth.permission", "pk": 28, "fields": {"name": "Can view Outstanding Token", "content_type": 7, "codename": "view_outstandingtoken"}}, {"model": "auth.permission", "pk": 29, "fields": {"name": "Can add User", "content_type": 8, "codename": "add_user"}}, {"model": "auth.permission", "pk": 30, "fields": {"name": "Can change User", "content_type": 8, "codename": "change_user"}}, {"model": "auth.permission", "pk": 31, "fields": {"name": "Can delete User", "content_type": 8, "codename": "delete_user"}}, {"model": "auth.permission", "pk": 32, "fields": {"name": "Can view User", "content_type": 8, "codename": "view_user"}}, {"model": "auth.permission", "pk": 33, "fields": {"name": "Can add profile", "content_type": 9, "codename": "add_profile"}}, {"model": "auth.permission", "pk": 34, "fields": {"name": "Can change profile", "content_type": 9, "codename": "change_profile"}}, {"model": "auth.permission", "pk": 35, "fields": {"name": "Can delete profile", "content_type": 9, "codename": "delete_profile"}}, {"model": "auth.permission", "pk": 36, "fields": {"name": "Can view profile", "content_type": 9, "codename": "view_profile"}}, {"model": "auth.permission", "pk": 37, "fields": {"name": "Can add category", "content_type": 10, "codename": "add_category"}}, {"model": "auth.permission", "pk": 38, "fields": {"name": "Can change category", "content_type": 10, "codename": "change_category"}}, {"model": "auth.permission", "pk": 39, "fields": {"name": "Can delete category", "content_type": 10, "codename": "delete_category"}}, {"model": "auth.permission", "pk": 40, "fields": {"name": "Can view category", "content_type": 10, "codename": "view_category"}}, {"model": "auth.permission", "pk": 41, "fields": {"name": "Can add blog", "content_type": 11, "codename": "add_blog"}}, {"model": "auth.permission", "pk": 42, "fields": {"name": "Can change blog", "content_type": 11, "codename": "change_blog"}}, {"model": "auth.permission", "pk": 43, "fields": {"name": "Can delete blog", "content_type": 11, "codename": "delete_blog"}}, {"model": "auth.permission", "pk": 44, "fields": {"name": "Can view blog", "content_type": 11, "codename": "view_blog"}}, {"model": "auth.permission", "pk": 45, "fields": {"name": "Can add Service Category", "content_type": 12, "codename": "add_servicecategory"}}, {"model": "auth.permission", "pk": 46, "fields": {"name": "Can change Service Category", "content_type": 12, "codename": "change_servicecategory"}}, {"model": "auth.permission", "pk": 47, "fields": {"name": "Can delete Service Category", "content_type": 12, "codename": "delete_servicecategory"}}, {"model": "auth.permission", "pk": 48, "fields": {"name": "Can view Service Category", "content_type": 12, "codename": "view_servicecategory"}}, {"model": "auth.permission", "pk": 49, "fields": {"name": "Can add Service", "content_type": 13, "codename": "add_service"}}, {"model": "auth.permission", "pk": 50, "fields": {"name": "Can change Service", "content_type": 13, "codename": "change_service"}}, {"model": "auth.permission", "pk": 51, "fields": {"name": "Can delete Service", "content_type": 13, "codename": "delete_service"}}, {"model": "auth.permission", "pk": 52, "fields": {"name": "Can view Service", "content_type": 13, "codename": "view_service"}}, {"model": "auth.permission", "pk": 53, "fields": {"name": "Can add Pricing Plan", "content_type": 14, "codename": "add_pricingplan"}}, {"model": "auth.permission", "pk": 54, "fields": {"name": "Can change Pricing Plan", "content_type": 14, "codename": "change_pricingplan"}}, {"model": "auth.permission", "pk": 55, "fields": {"name": "Can delete Pricing Plan", "content_type": 14, "codename": "delete_pricingplan"}}, {"model": "auth.permission", "pk": 56, "fields": {"name": "Can view Pricing Plan", "content_type": 14, "codename": "view_pricingplan"}}, {"model": "auth.permission", "pk": 57, "fields": {"name": "Can add plan feature", "content_type": 15, "codename": "add_planfeature"}}, {"model": "auth.permission", "pk": 58, "fields": {"name": "Can change plan feature", "content_type": 15, "codename": "change_planfeature"}}, {"model": "auth.permission", "pk": 59, "fields": {"name": "Can delete plan feature", "content_type": 15, "codename": "delete_planfeature"}}, {"model": "auth.permission", "pk": 60, "fields": {"name": "Can view plan feature", "content_type": 15, "codename": "view_planfeature"}}, {"model": "contenttypes.contenttype", "pk": 1, "fields": {"app_label": "admin", "model": "logentry"}}, {"model": "contenttypes.contenttype", "pk": 2, "fields": {"app_label": "auth", "model": "permission"}}, {"model": "contenttypes.contenttype", "pk": 3, "fields": {"app_label": "auth", "model": "group"}}, {"model": "contenttypes.contenttype", "pk": 4, "fields": {"app_label": "contenttypes", "model": "contenttype"}}, {"model": "contenttypes.contenttype", "pk": 5, "fields": {"app_label": "sessions", "model": "session"}}, {"model": "contenttypes.contenttype", "pk": 6, "fields": {"app_label": "token_blacklist", "model": "blacklistedtoken"}}, {"model": "contenttypes.contenttype", "pk": 7, "fields": {"app_label": "token_blacklist", "model": "outstandingtoken"}}, {"model": "contenttypes.contenttype", "pk": 8, "fields": {"app_label": "users", "model": "user"}}, {"model": "contenttypes.contenttype", "pk": 9, "fields": {"app_label": "users", "model": "profile"}}, {"model": "contenttypes.contenttype", "pk": 10, "fields": {"app_label": "blogs", "model": "category"}}, {"model": "contenttypes.contenttype", "pk": 11, "fields": {"app_label": "blogs", "model": "blog"}}, {"model": "contenttypes.contenttype", "pk": 12, "fields": {"app_label": "service", "model": "servicecategory"}}, {"model": "contenttypes.contenttype", "pk": 13, "fields": {"app_label": "service", "model": "service"}}, {"model": "contenttypes.contenttype", "pk": 14, "fields": {"app_label": "plans", "model": "pricingplan"}}, {"model": "contenttypes.contenttype", "pk": 15, "fields": {"app_label": "plans", "model": "planfeature"}}, {"model": "sessions.session", "pk": "45dzjvn6j356bovb0hnotv97gswhc300", "fields": {"session_data": ".eJxVjEsOwiAQQO_CWggwMNAu3XuGhoHBVk1J-lkZ7240Xej6fZ5iSPs2DvvKyzAV0YsSawlQtYTgWbrILFMIILk6xxUDgWZx-s0o5TvP3_aW5mtTuc3bMpH6KOqgq7q0wo_z4f4NxrSOohcAYCySr0xWm0zZegIkZgraYmTKnbYleaQu54KYokUT0EULJpIm8XoDRZlBcg:1vuU5G:p3mAFKdpsFQNj_q9uexvVtXOG7-7DTnv-3q8Lx08QWM", "expire_date": "2026-03-09T11:26:38.658Z"}}, {"model": "users.user", "pk": "d8fd73f0-375e-48ee-a773-ef44ef67b30e", "fields": {"password": "pbkdf2_sha256$1000000$dOqrSqOdWGL5TmG8Yb2TvQ$BDANC0eBUWU/rJ9atarrYXvTbyOIdnz8dWSGX0SqVfQ=", "is_superuser": true, "email": "admin@siresoft.com", "first_name": "sire", "last_name": "soft", "is_active": true, "is_staff": true, "is_verified": false, "date_joined": "2026-02-23T11:17:31.634Z", "last_login": "2026-02-23T11:26:38.550Z", "failed_login_attempts": 0, "account_locked_until": null, "groups": [], "user_permissions": []}}, {"model": "users.profile", "pk": 1, "fields": {"user": "d8fd73f0-375e-48ee-a773-ef44ef67b30e", "bio": "", "avatar": "", "location": ""}}, {"model": "service.servicecategory", "pk": 1, "fields": {"created_at": "2026-02-23T10:41:18.502Z", "updated_at": "2026-02-23T10:41:18.502Z", "name": "web and infrastructure", "slug": "web-and-infrastructure", "description": null, "icon": null, "display_order": 1, "is_active": true}}, {"model": "service.servicecategory", "pk": 2, "fields": {"created_at": "2026-02-23T10:41:18.563Z", "updated_at": "2026-02-23T10:41:18.563Z", "name": "Design and Branding", "slug": "design-and-branding", "description": null, "icon": null, "display_order": 2, "is_active": true}}, {"model": "service.servicecategory", "pk": 3, "fields": {"created_at": "2026-02-23T10:41:18.613Z", "updated_at": "2026-02-23T10:41:18.613Z", "name": "Marketing and analytics", "slug": "marketing-and-analytics", "description": null, "icon": null, "display_order": 3, "is_active": true}}, {"model": "service.servicecategory", "pk": 4, "fields": {"created_at": "2026-02-23T10:41:18.663Z", "updated_at": "2026-02-23T10:41:18.663Z", "name": "Business Management System", "slug": "business-management-system", "description": null, "icon": null, "display_order": 4, "is_active": true}}, {"model": "service.servicecategory", "pk": 5, "fields": {"created_at": "2026-02-23T10:41:18.713Z", "updated_at": "2026-02-23T10:41:18.713Z", "name": "Data and Integrations", "slug": "data-and-integrations", "description": null, "icon": null, "display_order": 5, "is_active": true}}, {"model": "service.service", "pk": 1, "fields": {"created_at": "2026-02-23T10:49:44.925Z", "updated_at": "2026-02-23T10:49:44.925Z", "name": "New church.", "slug": "new-church", "category": 5, "service_type": "design", "short_description": "Degree top church ok student relationship play.", "description": "Approach do answer air statement. Finish two member rule. Half each worry per three police appear ready.", "features": ["week", "nation", "drug"], "requirements": ["home", "which"], "icon": "icon-suffer", "thumbnail": "", "banner_image": "", "gallery_images": [], "base_price": "332.00", "currency": "USD", "pricing_model": "monthly", "delivery_time": 14, "delivery_unit": "days", "revisions_included": 3, "is_active": true, "is_featured": true, "display_order": 2}}, {"model": "service.service", "pk": 2, "fields": {"created_at": "2026-02-23T10:49:44.982Z", "updated_at": "2026-02-23T10:49:44.982Z", "name": "Consider movement.", "slug": "consider-movement", "category": 3, "service_type": "development", "short_description": "American right any painting exist team really.", "description": "Series education whatever age people goal teach. Happen mission loss then foot street. Rest woman someone read him like control. Word suffer from decade. Rate everyone cup campaign west color cover. Parent watch cup on lay.", "features": ["brother", "nature", "manage"], "requirements": ["respond", "require"], "icon": "icon-body", "thumbnail": "", "banner_image": "", "gallery_images": [], "base_price": "457.00", "currency": "USD", "pricing_model": "monthly", "delivery_time": 2, "delivery_unit": "months", "revisions_included": 2, "is_active": true, "is_featured": true, "display_order": 16}}, {"model": "service.service", "pk": 3, "fields": {"created_at": "2026-02-23T10:49:45.032Z", "updated_at": "2026-02-23T10:49:45.032Z", "name": "Mouth finish ten.", "slug": "mouth-finish-ten", "category": 5, "service_type": "consulting", "short_description": "Capital ask himself.", "description": "Attention control others nearly. Off more range simple. Country upon still I. Anything against bank view law under.", "features": ["most", "morning", "affect"], "requirements": ["notice", "call"], "icon": "icon-radio", "thumbnail": "", "banner_image": "", "gallery_images": [], "base_price": "414.00", "currency": "USD", "pricing_model": "fixed", "delivery_time": 10, "delivery_unit": "weeks", "revisions_included": 1, "is_active": true, "is_featured": false, "display_order": 2}}, {"model": "service.service", "pk": 4, "fields": {"created_at": "2026-02-23T10:49:45.082Z", "updated_at": "2026-02-23T10:49:45.082Z", "name": "Final without present.", "slug": "final-without-present", "category": 4, "service_type": "custom", "short_description": "Herself discuss mention before recently.", "description": "Which name health travel. You occur this by. Financial interesting some arrive. Nature recognize floor finish evidence mission structure employee.", "features": ["bill", "past", "detail"], "requirements": ["church", "simple"], "icon": "icon-blood", "thumbnail": "", "banner_image": "", "gallery_images": [], "base_price": "166.00", "currency": "USD", "pricing_model": "custom", "delivery_time": 6, "delivery_unit": "weeks", "revisions_included": 2, "is_active": true, "is_featured": true, "display_order": 18}}, {"model": "service.service", "pk": 5, "fields": {"created_at": "2026-02-23T10:49:45.132Z", "updated_at": "2026-02-23T10:49:45.132Z", "name": "Drug candidate.", "slug": "drug-candidate", "category": 4, "service_type": "consulting", "short_description": "Whether deal worker explain how spring.", "description": "Check teacher popular. Main lose away relationship recently their. Deep fight by federal special nature eye avoid.", "features": ["including", "type", "everybody"], "requirements": ["support", "finally"], "icon": "icon-technology", "thumbnail": "", "banner_image": "", "gallery_images": [], "base_price": "150.00", "currency": "USD", "pricing_model": "hourly", "delivery_time": 14, "delivery_unit": "months", "revisions_included": 4, "is_active": true, "is_featured": true, "display_order": 19}}, {"model": "service.service", "pk": 6, "fields": {"created_at": "2026-02-23T10:49:45.182Z", "updated_at": "2026-02-23T10:49:45.182Z", "name": "Bar one loss mind.", "slug": "bar-one-loss-mind", "category": 5, "service_type": "development", "short_description": "Enter prepare pick.", "description": "Choose pass level none nice factor. Data machine several it. Military effort local common new fast. Authority blood professional magazine. Board number table way personal and hotel pay.", "features": ["treatment", "me", "fish"], "requirements": ["find", "success"], "icon": "icon-admit", "thumbnail": "", "banner_image": "", "gallery_images": [], "base_price": "360.00", "currency": "USD", "pricing_model": "hourly", "delivery_time": 8, "delivery_unit": "months", "revisions_included": 0, "is_active": true, "is_featured": true, "display_order": 1}}, {"model": "service.service", "pk": 7, "fields": {"created_at": "2026-02-23T10:49:45.232Z", "updated_at": "2026-02-23T10:49:45.232Z", "name": "Arm wear.", "slug": "arm-wear", "category": 1, "service_type": "custom", "short_description": "Individual trade bed sort business fish.", "description": "Simple full be occur kitchen medical. Us add agency year their knowledge. Stay season close continue group scientist relate house. Another social according view various success. Worry generation his executive idea many behind nothing. Run since home mother.", "features": ["interesting", "leave", "even"], "requirements": ["room", "interesting"], "icon": "icon-magazine", "thumbnail": "", "banner_image": "", "gallery_images": [], "base_price": "299.00", "currency": "USD", "pricing_model": "custom", "delivery_time": 4, "delivery_unit": "weeks", "revisions_included": 4, "is_active": true, "is_featured": false, "display_order": 14}}, {"model": "service.service", "pk": 8, "fields": {"created_at": "2026-02-23T10:49:45.282Z", "updated_at": "2026-02-23T10:49:45.282Z", "name": "Partner answer office.", "slug": "partner-answer-office", "category": 3, "service_type": "design", "short_description": "Beyond so process memory purpose six particularly.", "description": "Apply picture series meet. Wear yourself language power federal travel management. Race role second woman. Often seek at president environmental add. Low which week story night. Any since career hospital think.", "features": ["let", "but", "serious"], "requirements": ["trip", "TV"], "icon": "icon-example", "thumbnail": "", "banner_image": "", "gallery_images": [], "base_price": "59.00", "currency": "USD", "pricing_model": "custom", "delivery_time": 13, "delivery_unit": "months", "revisions_included": 4, "is_active": true, "is_featured": true, "display_order": 14}}, {"model": "service.service", "pk": 9, "fields": {"created_at": "2026-02-23T10:49:45.332Z", "updated_at": "2026-02-23T10:49:45.332Z", "name": "Official magazine end.", "slug": "official-magazine-end", "category": 4, "service_type": "development", "short_description": "Former girl shoulder begin door add.", "description": "Anyone box suddenly themselves value. Detail story beyond million every attention. Position main even various often response. Idea protect art nothing decision trouble factor easy. Exactly father determine player capital present maintain. Worker special address.", "features": ["professional", "watch", "executive"], "requirements": ["view", "music"], "icon": "icon-recent", "thumbnail": "", "banner_image": "", "gallery_images": [], "base_price": "328.00", "currency": "USD", "pricing_model": "monthly", "delivery_time": 11, "delivery_unit": "hours", "revisions_included": 0, "is_active": true, "is_featured": false, "display_order": 11}}, {"model": "service.service", "pk": 10, "fields": {"created_at": "2026-02-23T10:49:45.382Z", "updated_at": "2026-02-23T10:49:45.382Z", "name": "Deep society natural.", "slug": "deep-society-natural", "category": 2, "service_type": "custom", "short_description": "Run yard writer win against call.", "description": "Follow finish back. Too word charge perform. Space bit lawyer foot sense culture professor available.", "features": ["trouble", "hear", "explain"], "requirements": ["win", "follow"], "icon": "icon-child", "thumbnail": "", "banner_image": "", "gallery_images": [], "base_price": "121.00", "currency": "USD", "pricing_model": "monthly", "delivery_time": 11, "delivery_unit": "weeks", "revisions_included": 1, "is_active": true, "is_featured": true, "display_order": 11}}, {"model": "plans.pricingplan", "pk": 1, "fields": {"name": "Business Basic", "slug": "business-basic", "plan_type": "basic", "tagline": "Essential tools for a professional start and personal presence.", "price": "29.00", "billing_period": "monthly", "is_featured": false, "is_popular": true, "badge_text": "Popular", "button_text": "Add to Cart", "is_active": true, "order": 1, "created_at": "2026-02-23T10:50:18.441Z", "updated_at": "2026-02-23T10:50:18.441Z"}}, {"model": "plans.pricingplan", "pk": 2, "fields": {"name": "Business Pro", "slug": "business-pro", "plan_type": "pro", "tagline": "Advanced features for growing businesses.", "price": "79.00", "billing_period": "monthly", "is_featured": true, "is_popular": false, "badge_text": "Best Value", "button_text": "Add to Cart", "is_active": true, "order": 2, "created_at": "2026-02-23T10:50:18.443Z", "updated_at": "2026-02-23T10:50:18.443Z"}}, {"model": "plans.pricingplan", "pk": 3, "fields": {"name": "Business Enterprise", "slug": "business-enterprise", "plan_type": "enterprise", "tagline": "Complete solution for large organizations.", "price": "199.00", "billing_period": "monthly", "is_featured": true, "is_popular": false, "badge_text": "Enterprise", "button_text": "Contact Sales", "is_active": true, "order": 3, "created_at": "2026-02-23T10:50:18.445Z", "updated_at": "2026-02-23T10:50:18.445Z"}}, {"model": "plans.pricingplan", "pk": 4, "fields": {"name": "Business Ultimate", "slug": "business-ultimate", "plan_type": "ultimate", "tagline": "All-inclusive premium solution with priority everything.", "price": "299.00", "billing_period": "monthly", "is_featured": true, "is_popular": false, "badge_text": "Ultimate", "button_text": "Get Started", "is_active": true, "order": 4, "created_at": "2026-02-23T10:50:18.447Z", "updated_at": "2026-02-23T10:50:18.447Z"}}, {"model": "plans.planfeature", "pk": 1, "fields": {"plan": 1, "name": "Core Business Logic", "is_included": true, "order": 1}}, {"model": "plans.planfeature", "pk": 2, "fields": {"plan": 1, "name": "Standard Support", "is_included": true, "order": 2}}, {"model": "plans.planfeature", "pk": 3, "fields": {"plan": 1, "name": "Advanced Analytics", "is_included": false, "order": 3}}, {"model": "plans.planfeature", "pk": 4, "fields": {"plan": 1, "name": "Custom API Access", "is_included": false, "order": 4}}, {"model": "plans.planfeature", "pk": 5, "fields": {"plan": 1, "name": "Dedicated Manager", "is_included": false, "order": 5}}, {"model": "plans.planfeature", "pk": 6, "fields": {"plan": 1, "name": "Unlimited Cloud Storage", "is_included": false, "order": 6}}, {"model": "plans.planfeature", "pk": 7, "fields": {"plan": 2, "name": "Core Business Logic", "is_included": true, "order": 1}}, {"model": "plans.planfeature", "pk": 8, "fields": {"plan": 2, "name": "Standard Support", "is_included": true, "order": 2}}, {"model": "plans.planfeature", "pk": 9, "fields": {"plan": 2, "name": "Advanced Analytics", "is_included": true, "order": 3}}, {"model": "plans.planfeature", "pk": 10, "fields": {"plan": 2, "name": "Custom API Access", "is_included": true, "order": 4}}, {"model": "plans.planfeature", "pk": 11, "fields": {"plan": 2, "name": "Dedicated Manager", "is_included": false, "order": 5}}, {"model": "plans.planfeature", "pk": 12, "fields": {"plan": 2, "name": "Unlimited Cloud Storage", "is_included": false, "order": 6}}, {"model": "plans.planfeature", "pk": 13, "fields": {"plan": 3, "name": "Core Business Logic", "is_included": true, "order": 1}}, {"model": "plans.planfeature", "pk": 14, "fields": {"plan": 3, "name": "Standard Support", "is_included": true, "order": 2}}, {"model": "plans.planfeature", "pk": 15, "fields": {"plan": 3, "name": "Advanced Analytics", "is_included": true, "order": 3}}, {"model": "plans.planfeature", "pk": 16, "fields": {"plan": 3, "name": "Custom API Access", "is_included": true, "order": 4}}, {"model": "plans.planfeature", "pk": 17, "fields": {"plan": 3, "name": "Dedicated Manager", "is_included": true, "order": 5}}, {"model": "plans.planfeature", "pk": 18, "fields": {"plan": 3, "name": "Unlimited Cloud Storage", "is_included": true, "order": 6}}, {"model": "plans.planfeature", "pk": 19, "fields": {"plan": 4, "name": "Core Business Logic", "is_included": true, "order": 1}}, {"model": "plans.planfeature", "pk": 20, "fields": {"plan": 4, "name": "Standard Support", "is_included": true, "order": 2}}, {"model": "plans.planfeature", "pk": 21, "fields": {"plan": 4, "name": "Advanced Analytics", "is_included": true, "order": 3}}, {"model": "plans.planfeature", "pk": 22, "fields": {"plan": 4, "name": "Custom API Access", "is_included": true, "order": 4}}, {"model": "plans.planfeature", "pk": 23, "fields": {"plan": 4, "name": "Dedicated Manager", "is_included": true, "order": 5}}, {"model": "plans.planfeature", "pk": 24, "fields": {"plan": 4, "name": "Unlimited Cloud Storage", "is_included": true, "order": 6}}, {"model": "plans.planfeature", "pk": 25, "fields": {"plan": 4, "name": "Priority 24/7 Support", "is_included": true, "order": 7}}, {"model": "plans.planfeature", "pk": 26, "fields": {"plan": 4, "name": "White Label Solution", "is_included": true, "order": 8}}]